"Filename","LineNumber","Line"
"page.tsx","337","            className={cn("
"page.tsx","350","            className={cn("
"page.tsx","360","            className={cn("
"page.tsx","370","            className={cn("
"page.tsx","380","            className={cn("
"chat-area.tsx","55","            <div className={cn("
"analytics-overview.tsx","196","                            className={cn("
"analytics-overview.tsx","213","                        className={cn("
"analytics-overview.tsx","220","                        <div className={cn("
"analytics-overview.tsx","224","                        <p className={cn(""text-[10px] font-bold uppercase tracking-widest mb-2 transition-colors relative z-10"", selectedMetric === 'time' ? ""text-white"" : ""text-white/40"")}>Active Hours</p>"
"analytics-overview.tsx","233","                        className={cn("
"analytics-overview.tsx","240","                        <div className={cn("
"analytics-overview.tsx","244","                        <p className={cn(""text-[10px] font-bold uppercase tracking-widest mb-2 transition-colors relative z-10"", selectedMetric === 'productivity' ? ""text-white"" : ""text-white/40"")}>Productivity</p>"
"analytics-overview.tsx","253","                        className={cn("
"analytics-overview.tsx","260","                        <div className={cn("
"analytics-overview.tsx","264","                        <p className={cn(""text-[10px] font-bold uppercase tracking-widest mb-2 transition-colors relative z-10"", selectedMetric === 'completions' ? ""text-white"" : ""text-white/40"")}>Completions</p>"
"productivity-heatmap.tsx","82","                                    className={cn("
"calendar-toolbar.tsx","74","                            className={cn("
"floating-music-widget.tsx","266","            <Heart className={cn(""h-4 w-4"", isLiked && ""fill-green-500 text-green-500"")} />"
"floating-music-widget.tsx","272","          <Button variant=""ghost"" size=""icon"" onClick={toggleShuffle} className={cn(""h-8 w-8 transition-colors"", isShuffle ? ""text-green-500"" : ""text-gray-400 hover:text-white"")}>"
"floating-music-widget.tsx","284","          <Button variant=""ghost"" size=""icon"" onClick={toggleRepeat} className={cn(""h-8 w-8 transition-colors"", repeatMode !== 'off' ? ""text-green-500"" : ""text-gray-400 hover:text-white"")}>"
"library-sidebar.tsx","82","                                className={cn("
"library-sidebar.tsx","154","                        className={cn("
"library-sidebar.tsx","173","                            className={cn("
"spotify-player-bar.tsx","114","                    <Heart className={cn(""h-4 w-4"", isLiked && ""fill-green-500 text-green-500"")} />"
"spotify-player-bar.tsx","124","                    className={cn("
"spotify-player-bar.tsx","169","                    className={cn("
"note-card.tsx","96","        <Card className={cn(""transition-all hover:shadow-md"", note.color)}>"
"note-card.tsx","139","                            className={cn("
"active-workout-session.tsx","161","                                className={cn("
"active-workout-session.tsx","169","                                    <span className={cn(""font-bold text-sm line-clamp-2 leading-tight"", activeDayId === day.id ? ""text-primary-foreground"" : ""text-foreground"")}>"
"active-workout-session.tsx","176","                                <span className={cn(""text-[10px] font-medium mt-3 uppercase tracking-wider z-10"", activeDayId === day.id ? ""text-primary-foreground/80"" : ""text-muted-foreground/70"")}>"
"active-workout-session.tsx","259","                                                    className={cn("
"active-workout-session.tsx","266","                                                        <div className={cn("
"active-workout-session.tsx","287","                                                                className={cn("
"active-workout-session.tsx","303","                                                                className={cn("
"active-workout-session.tsx","328","                                                            className={cn("
"active-workout-session.tsx","335","                                                            <CheckCircle2 className={cn(""h-5 w-5 transition-transform duration-300"", isCompleted ? ""scale-100"" : ""scale-50"")} />"
"routine-card.tsx","118","                                    <div className={cn(""h-2 w-2 rounded-full"", task.completed ? ""bg-primary"" : ""bg-muted-foreground/30"")} />"
"routine-card.tsx","119","                                    <span className={cn(""truncate"", task.completed && ""line-through text-muted-foreground"")}>"
"accordion.tsx","22","      className={cn('border-b last:border-b-0', className)}"
"accordion.tsx","37","        className={cn("
"accordion.tsx","61","      <div className={cn('pt-0 pb-4', className)}>{children}</div>"
"alert-dialog.tsx","38","      className={cn("
"alert-dialog.tsx","56","        className={cn("
"alert-dialog.tsx","73","      className={cn('flex flex-col gap-2 text-center sm:text-left', className)}"
"alert-dialog.tsx","86","      className={cn("
"alert-dialog.tsx","102","      className={cn('text-lg font-semibold', className)}"
"alert-dialog.tsx","115","      className={cn('text-muted-foreground text-sm', className)}"
"alert-dialog.tsx","127","      className={cn(buttonVariants(), className)}"
"alert-dialog.tsx","139","      className={cn(buttonVariants({ variant: 'outline' }), className)}"
"alert.tsx","31","      className={cn(alertVariants({ variant }), className)}"
"alert.tsx","41","      className={cn("
"alert.tsx","57","      className={cn("
"avatar.tsx","15","      className={cn("
"avatar.tsx","31","      className={cn('aspect-square size-full', className)}"
"avatar.tsx","44","      className={cn("
"badge.tsx","40","      className={cn(badgeVariants({ variant }), className)}"
"breadcrumb.tsx","15","      className={cn("
"breadcrumb.tsx","28","      className={cn('inline-flex items-center gap-1.5', className)}"
"breadcrumb.tsx","46","      className={cn('hover:text-foreground transition-colors', className)}"
"breadcrumb.tsx","59","      className={cn('text-foreground font-normal', className)}"
"breadcrumb.tsx","75","      className={cn('[&>svg]:size-3.5', className)}"
"breadcrumb.tsx","92","      className={cn('flex size-9 items-center justify-center', className)}"
"button-group.tsx","34","      className={cn(buttonGroupVariants({ orientation }), className)}"
"button-group.tsx","51","      className={cn("
"button-group.tsx","69","      className={cn("
"button.tsx","54","      className={cn(buttonVariants({ variant, size, className }))}"
"calendar.tsx","31","      className={cn("
"calendar.tsx","44","        root: cn('w-fit', defaultClassNames.root),"
"calendar.tsx","45","        months: cn("
"calendar.tsx","49","        month: cn('flex flex-col w-fit gap-4', defaultClassNames.month),"
"calendar.tsx","50","        nav: cn("
"calendar.tsx","54","        button_previous: cn("
"calendar.tsx","59","        button_next: cn("
"calendar.tsx","64","        month_caption: cn("
"calendar.tsx","68","        dropdowns: cn("
"calendar.tsx","72","        dropdown_root: cn("
"calendar.tsx","76","        dropdown: cn("
"calendar.tsx","80","        caption_label: cn("
"calendar.tsx","88","        weekdays: cn('flex', defaultClassNames.weekdays),"
"calendar.tsx","89","        weekday: cn("
"calendar.tsx","93","        week: cn('flex w-full mt-2', defaultClassNames.week),"
"calendar.tsx","94","        week_number_header: cn("
"calendar.tsx","98","        week_number: cn("
"calendar.tsx","102","        day: cn("
"calendar.tsx","106","        range_start: cn("
"calendar.tsx","110","        range_middle: cn('rounded-none', defaultClassNames.range_middle),"
"calendar.tsx","111","        range_end: cn('rounded-r-md bg-accent', defaultClassNames.range_end),"
"calendar.tsx","112","        today: cn("
"calendar.tsx","116","        outside: cn("
"calendar.tsx","120","        disabled: cn("
"calendar.tsx","124","        hidden: cn('invisible', defaultClassNames.hidden),"
"calendar.tsx","133","              className={cn(className)}"
"calendar.tsx","141","              <ChevronLeftIcon className={cn('size-4', className)} {...props} />"
"calendar.tsx","148","                className={cn('size-4', className)}"
"calendar.tsx","155","            <ChevronDownIcon className={cn('size-4', className)} {...props} />"
"calendar.tsx","203","      className={cn("
"card.tsx","9","      className={cn("
"card.tsx","22","      className={cn("
"card.tsx","35","      className={cn('leading-none font-semibold', className)}"
"card.tsx","45","      className={cn('text-muted-foreground text-sm', className)}"
"card.tsx","55","      className={cn("
"card.tsx","68","      className={cn('px-6', className)}"
"card.tsx","78","      className={cn('flex items-center px-6 [.border-t]:pt-6', className)}"
"carousel.tsx","123","        className={cn('relative', className)}"
"carousel.tsx","145","        className={cn("
"carousel.tsx","164","      className={cn("
"carousel.tsx","187","      className={cn("
"carousel.tsx","217","      className={cn("
"chart.tsx","57","        className={cn("
"chart.tsx","146","        <div className={cn('font-medium', labelClassName)}>"
"chart.tsx","156","    return <div className={cn('font-medium', labelClassName)}>{value}</div>"
"chart.tsx","175","      className={cn("
"chart.tsx","190","              className={cn("
"chart.tsx","204","                        className={cn("
"chart.tsx","224","                    className={cn("
"chart.tsx","272","      className={cn("
"checkbox.tsx","16","      className={cn("
"command.tsx","23","      className={cn("
"command.tsx","52","        className={cn('overflow-hidden p-0', className)}"
"command.tsx","75","        className={cn("
"command.tsx","92","      className={cn("
"command.tsx","120","      className={cn("
"command.tsx","136","      className={cn('bg-border -mx-1 h-px', className)}"
"command.tsx","149","      className={cn("
"command.tsx","165","      className={cn("
"context-menu.tsx","68","      className={cn("
"context-menu.tsx","87","      className={cn("
"context-menu.tsx","104","        className={cn("
"context-menu.tsx","128","      className={cn("
"context-menu.tsx","146","      className={cn("
"context-menu.tsx","171","      className={cn("
"context-menu.tsx","198","      className={cn("
"context-menu.tsx","214","      className={cn('bg-border -mx-1 my-1 h-px', className)}"
"context-menu.tsx","227","      className={cn("
"dialog.tsx","40","      className={cn("
"dialog.tsx","62","        className={cn("
"dialog.tsx","87","      className={cn('flex flex-col gap-2 text-center sm:text-left', className)}"
"dialog.tsx","97","      className={cn("
"dialog.tsx","113","      className={cn('text-lg leading-none font-semibold', className)}"
"dialog.tsx","126","      className={cn('text-muted-foreground text-sm', className)}"
"drawer.tsx","39","      className={cn("
"drawer.tsx","58","        className={cn("
"drawer.tsx","79","      className={cn("
"drawer.tsx","92","      className={cn('mt-auto flex flex-col gap-2 p-4', className)}"
"drawer.tsx","105","      className={cn('text-foreground font-semibold', className)}"
"drawer.tsx","118","      className={cn('text-muted-foreground text-sm', className)}"
"dropdown-menu.tsx","44","        className={cn("
"dropdown-menu.tsx","76","      className={cn("
"dropdown-menu.tsx","94","      className={cn("
"dropdown-menu.tsx","130","      className={cn("
"dropdown-menu.tsx","157","      className={cn("
"dropdown-menu.tsx","173","      className={cn('bg-border -mx-1 my-1 h-px', className)}"
"dropdown-menu.tsx","186","      className={cn("
"dropdown-menu.tsx","213","      className={cn("
"dropdown-menu.tsx","232","      className={cn("
"empty.tsx","9","      className={cn("
"empty.tsx","22","      className={cn("
"empty.tsx","55","      className={cn(emptyMediaVariants({ variant, className }))}"
"empty.tsx","65","      className={cn('text-lg font-medium tracking-tight', className)}"
"empty.tsx","75","      className={cn("
"empty.tsx","88","      className={cn("
"field.tsx","14","      className={cn("
"field.tsx","33","      className={cn("
"field.tsx","48","      className={cn("
"field.tsx","91","      className={cn(fieldVariants({ orientation }), className)}"
"field.tsx","101","      className={cn("
"field.tsx","117","      className={cn("
"field.tsx","132","      className={cn("
"field.tsx","145","      className={cn("
"field.tsx","167","      className={cn("
"field.tsx","225","      className={cn('text-destructive text-sm font-normal', className)}"
"floating-music-widget.tsx","138","      className={cn("
"form.tsx","83","        className={cn('grid gap-2', className)}"
"form.tsx","100","      className={cn('data-[error=true]:text-destructive', className)}"
"form.tsx","132","      className={cn('text-muted-foreground text-sm', className)}"
"form.tsx","150","      className={cn('text-destructive text-sm', className)}"
"hover-card.tsx","34","        className={cn("
"input-group.tsx","15","      className={cn("
"input-group.tsx","69","      className={cn(inputGroupAddonVariants({ align }), className)}"
"input-group.tsx","112","      className={cn(inputGroupButtonVariants({ size }), className)}"
"input-group.tsx","121","      className={cn("
"input-group.tsx","137","      className={cn("
"input-group.tsx","153","      className={cn("
"input-otp.tsx","19","      containerClassName={cn("
"input-otp.tsx","23","      className={cn('disabled:cursor-not-allowed', className)}"
"input-otp.tsx","33","      className={cn('flex items-center', className)}"
"input-otp.tsx","53","      className={cn("
"input.tsx","10","      className={cn("
"item.tsx","13","      className={cn('group/item-group flex flex-col', className)}"
"item.tsx","27","      className={cn('my-0', className)}"
"item.tsx","68","      className={cn(itemVariants({ variant, size, className }))}"
"item.tsx","100","      className={cn(itemMediaVariants({ variant, className }))}"
"item.tsx","110","      className={cn("
"item.tsx","123","      className={cn("
"item.tsx","136","      className={cn("
"item.tsx","150","      className={cn('flex items-center gap-2', className)}"
"item.tsx","160","      className={cn("
"item.tsx","173","      className={cn("
"kbd.tsx","7","      className={cn("
"kbd.tsx","22","      className={cn('inline-flex items-center gap-1', className)}"
"label.tsx","15","      className={cn("
"liquid-switch.tsx","19","                className={cn('liquid-switch', className)}"
"markdown-renderer.tsx","25","        <div className={cn(""prose prose-sm dark:prose-invert max-w-none break-words"", className)}>"
"markdown-renderer.tsx","75","                                className={cn("
"menubar.tsx","16","      className={cn("
"menubar.tsx","58","      className={cn("
"menubar.tsx","81","        className={cn("
"menubar.tsx","105","      className={cn("
"menubar.tsx","123","      className={cn("
"menubar.tsx","148","      className={cn("
"menubar.tsx","175","      className={cn("
"menubar.tsx","191","      className={cn('bg-border -mx-1 my-1 h-px', className)}"
"menubar.tsx","204","      className={cn("
"menubar.tsx","231","      className={cn("
"menubar.tsx","250","      className={cn("
"navigation-menu.tsx","20","      className={cn("
"navigation-menu.tsx","39","      className={cn("
"navigation-menu.tsx","55","      className={cn('relative', className)}"
"navigation-menu.tsx","73","      className={cn(navigationMenuTriggerStyle(), 'group', className)}"
"navigation-menu.tsx","92","      className={cn("
"navigation-menu.tsx","112","        className={cn("
"navigation-menu.tsx","129","      className={cn("
"navigation-menu.tsx","145","      className={cn("
"pagination.tsx","17","      className={cn('mx-auto flex w-full justify-center', className)}"
"pagination.tsx","30","      className={cn('flex flex-row items-center gap-1', className)}"
"pagination.tsx","56","      className={cn("
"pagination.tsx","76","      className={cn('gap-1 px-2.5 sm:pl-2.5', className)}"
"pagination.tsx","93","      className={cn('gap-1 px-2.5 sm:pr-2.5', className)}"
"pagination.tsx","110","      className={cn('flex size-9 items-center justify-center', className)}"
"popover.tsx","32","        className={cn("
"progress.tsx","16","      className={cn("
"radio-group.tsx","16","      className={cn('grid gap-3', className)}"
"radio-group.tsx","29","      className={cn("
"resizable.tsx","16","      className={cn("
"resizable.tsx","41","      className={cn("
"scroll-area.tsx","16","      className={cn('relative', className)}"
"scroll-area.tsx","40","      className={cn("
"select.tsx","39","      className={cn("
"select.tsx","63","        className={cn("
"select.tsx","74","          className={cn("
"select.tsx","95","      className={cn('text-muted-foreground px-2 py-1.5 text-xs', className)}"
"select.tsx","109","      className={cn("
"select.tsx","132","      className={cn('bg-border pointer-events-none -mx-1 my-1 h-px', className)}"
"select.tsx","145","      className={cn("
"select.tsx","163","      className={cn("
"separator.tsx","19","      className={cn("
"sheet.tsx","38","      className={cn("
"sheet.tsx","60","        className={cn("
"sheet.tsx","88","      className={cn('flex flex-col gap-1.5 p-4', className)}"
"sheet.tsx","98","      className={cn('mt-auto flex flex-col gap-2 p-4', className)}"
"sheet.tsx","111","      className={cn('text-foreground font-semibold', className)}"
"sheet.tsx","124","      className={cn('text-muted-foreground text-sm', className)}"
"sidebar.tsx","141","          className={cn("
"sidebar.tsx","172","        className={cn("
"sidebar.tsx","220","        className={cn("
"sidebar.tsx","231","        className={cn("
"sidebar.tsx","269","      className={cn('size-7', className)}"
"sidebar.tsx","293","      className={cn("
"sidebar.tsx","311","      className={cn("
"sidebar.tsx","329","      className={cn('bg-background h-8 w-full shadow-none', className)}"
"sidebar.tsx","340","      className={cn('flex flex-col gap-2 p-2', className)}"
"sidebar.tsx","351","      className={cn('flex flex-col gap-2 p-2', className)}"
"sidebar.tsx","365","      className={cn('bg-sidebar-border mx-2 w-auto', className)}"
"sidebar.tsx","376","      className={cn("
"sidebar.tsx","390","      className={cn('relative flex w-full min-w-0 flex-col p-2', className)}"
"sidebar.tsx","407","      className={cn("
"sidebar.tsx","428","      className={cn("
"sidebar.tsx","448","      className={cn('w-full text-sm', className)}"
"sidebar.tsx","459","      className={cn('flex w-full min-w-0 flex-col gap-1', className)}"
"sidebar.tsx","470","      className={cn('group/menu-item relative', className)}"
"sidebar.tsx","520","      className={cn(sidebarMenuButtonVariants({ variant, size }), className)}"
"sidebar.tsx","563","      className={cn("
"sidebar.tsx","588","      className={cn("
"sidebar.tsx","618","      className={cn('flex h-8 items-center gap-2 rounded-md px-2', className)}"
"sidebar.tsx","645","      className={cn("
"sidebar.tsx","663","      className={cn('group/menu-sub-item relative', className)}"
"sidebar.tsx","688","      className={cn("
"skeleton.tsx","7","      className={cn('bg-accent animate-pulse rounded-md', className)}"
"slider.tsx","33","      className={cn("
"spinner.tsx","10","      className={cn('size-4 animate-spin', className)}"
"switch.tsx","15","      className={cn("
"table.tsx","15","        className={cn('w-full caption-bottom text-sm', className)}"
"table.tsx","26","      className={cn('[&_tr]:border-b', className)}"
"table.tsx","36","      className={cn('[&_tr:last-child]:border-0', className)}"
"table.tsx","46","      className={cn("
"table.tsx","59","      className={cn("
"table.tsx","72","      className={cn("
"table.tsx","85","      className={cn("
"table.tsx","101","      className={cn('text-muted-foreground mt-4 text-sm', className)}"
"tabs.tsx","15","      className={cn('flex flex-col gap-2', className)}"
"tabs.tsx","28","      className={cn("
"tabs.tsx","44","      className={cn("
"tabs.tsx","60","      className={cn('flex-1 outline-none', className)}"
"textarea.tsx","9","      className={cn("
"toast.tsx","18","    className={cn("
"toast.tsx","51","      className={cn(toastVariants({ variant }), className)}"
"toast.tsx","64","    className={cn("
"toast.tsx","79","    className={cn("
"toast.tsx","97","    className={cn('text-sm font-semibold', className)}"
"toast.tsx","109","    className={cn('text-sm opacity-90', className)}"
"toggle-group.tsx","30","      className={cn("
"toggle-group.tsx","58","      className={cn("
"toggle.tsx","41","      className={cn(toggleVariants({ variant, size, className }))}"
"tooltip.tsx","48","        className={cn("
"app-sidebar.tsx","146","          <div className={cn(""flex items-center justify-center transition-all duration-300"", state === 'collapsed' ? 'w-10' : 'w-full')}>"
"app-sidebar.tsx","176","        <SidebarContent className={cn(""py-2 transition-all duration-300"", state === 'collapsed' ? ""!px-0"" : ""px-3"")}>"
"app-sidebar.tsx","178","            <SidebarGroup key={section.title} className={cn(state === 'collapsed' && ""!p-0"")}>"
"app-sidebar.tsx","194","                          className={cn("
"app-sidebar.tsx","202","                          <Link href={item.href} onClick={handleLinkClick} className={cn(""flex items-center gap-3"", state === 'collapsed' && ""justify-center"")}>"
"app-sidebar.tsx","203","                            <item.icon className={cn(""h-5 w-5 shrink-0"", isActive ? ""text-primary-foreground"" : ""text-muted-foreground group-hover:text-foreground"")} />"
"app-sidebar.tsx","216","        <SidebarFooter className={cn(""mt-auto transition-all duration-300"", state === 'collapsed' ? ""p-2"" : ""p-4"")}>"
"app-sidebar.tsx","220","                <SidebarMenuButton asChild tooltip=""Profile"" className={cn(""rounded-full h-10 transition-all duration-300 hover:bg-white/10"", state === 'collapsed' ? ""!justify-center !w-10 !mx-auto !px-0"" : ""px-2"")}>"
"app-sidebar.tsx","235","                <SidebarMenuButton asChild tooltip={t('sidebar.settings')} className={cn(""rounded-full h-10 hover:bg-white/10 transition-all duration-300"", state === 'collapsed' ? ""!justify-center !w-10 !mx-auto !px-0"" : ""px-3"")}>"
"dashboard-shell.tsx","39","            <div key={pathname} className={cn("
"mobile-nav.tsx","46","                            className={cn("
"mobile-nav.tsx","51","                            <item.icon className={cn(""h-6 w-6"", isActive && ""fill-current/20"")} />"
"network-status.tsx","37","    <div className={cn("
"pomodoro-widget.tsx","37","        <Card className={cn("
"pomodoro-widget.tsx","46","                <Badge variant=""outline"" className={cn("
"pomodoro-widget.tsx","56","            <div className={cn("
"pomodoro-widget.tsx","69","                    className={cn("
"pomodoro-widget.tsx","75","                        <Pause className={cn(isFocusPage ? ""h-5 w-5"" : ""h-3.5 w-3.5"")} />"
"pomodoro-widget.tsx","77","                        <Play className={cn(isFocusPage ? ""h-5 w-5 ml-1"" : ""h-3.5 w-3.5 ml-0.5"")} />"
"index.esm2017.d.ts","4339","    Cn(e: any, t: any): boolean;"
"index.esm2017.d.ts","4339","    Cn(e: any, t: any): boolean;"
"index.esm2017.d.ts","4339","    Cn(e: any, t: any): boolean;"
"index.esm2017.d.ts","4339","    Cn(e: any, t: any): boolean;"
